timestamp,district,file_type,status,filename,output_folder,source_url,details
2026-07-23T17:02:52,Bagalkote,PDF File,SUCCESS,02 Bagalkote.zip,E:\KSRSAC files\Village Boundaries\Bagalkote\PDF Files,https://kgis.ksrsac.in/kgisdocuments/PDF_KML_SHP/Village/PDF/02_Bagalkote.zip,Extracted 1 file(s)
2026-07-23T17:02:58,Bagalkote,Shape File,SUCCESS,02 Bagalkote.zip,E:\KSRSAC files\Village Boundaries\Bagalkote\Shape Files,https://kgis.ksrsac.in/kgisdocuments/PDF_KML_SHP/Village/Shapefiles/02_Bagalkote.zip,Extracted 7 file(s)
2026-07-23T17:03:03,Bagalkote,KML File,SUCCESS,02 Bagalkote.zip,E:\KSRSAC files\Village Boundaries\Bagalkote\KML Files,https://kgis.ksrsac.in/kgisdocuments/PDF_KML_SHP/Village/KML/02_Bagalkote.zip,Extracted 1 file(s)
2026-07-23T17:03:22,Ballari,PDF File,SUCCESS,12 Ballari.zip,E:\KSRSAC files\Village Boundaries\Ballari\PDF Files,https://kgis.ksrsac.in/kgisdocuments/PDF_KML_SHP/Village/PDF/12_Ballari.zip,Extracted 1 file(s)
2026-07-23T17:03:27,Ballari,Shape File,SUCCESS,12 Ballari.zip,E:\KSRSAC files\Village Boundaries\Ballari\Shape Files,https://kgis.ksrsac.in/kgisdocuments/PDF_KML_SHP/Village/Shapefiles/12_Ballari.zip,Extracted 7 file(s)
2026-07-23T17:03:32,Ballari,KML File,SUCCESS,12 Ballari.zip,E:\KSRSAC files\Village Boundaries\Ballari\KML Files,https://kgis.ksrsac.in/kgisdocuments/PDF_KML_SHP/Village/KML/12_Ballari.zip,Extracted 1 file(s)
2026-07-23T17:03:37,Belagavi,PDF File,SUCCESS,01 Belagavi.zip,E:\KSRSAC files\Village Boundaries\Belagavi\PDF Files,https://kgis.ksrsac.in/kgisdocuments/PDF_KML_SHP/Village/PDF/01_Belagavi.zip,Extracted 1 file(s)
2026-07-23T17:03:43,Belagavi,Shape File,SUCCESS,01 Belagavi.zip,E:\KSRSAC files\Village Boundaries\Belagavi\Shape Files,https://kgis.ksrsac.in/kgisdocuments/PDF_KML_SHP/Village/Shapefiles/01_Belagavi.zip,Extracted 7 file(s)
2026-07-23T17:04:02,Belagavi,KML File,SUCCESS,01 Belagavi.zip,E:\KSRSAC files\Village Boundaries\Belagavi\KML Files,https://kgis.ksrsac.in/kgisdocuments/PDF_KML_SHP/Village/KML/01_Belagavi.zip,Extracted 1 file(s)
2026-07-23T17:04:07,Bengaluru South,PDF File,SUCCESS,29 Bengaluru South.zip,E:\KSRSAC files\Village Boundaries\Bengaluru South\PDF Files,https://kgis.ksrsac.in/kgisdocuments/PDF_KML_SHP/Village/PDF/29_Bengaluru%20South.zip,Extracted 1 file(s)
2026-07-23T17:04:13,Bengaluru South,Shape File,SUCCESS,29 Bengaluru South.zip,E:\KSRSAC files\Village Boundaries\Bengaluru South\Shape Files,https://kgis.ksrsac.in/kgisdocuments/PDF_KML_SHP/Village/Shapefiles/29_Bengaluru%20South.zip,Extracted 4 file(s)
2026-07-23T17:04:18,Bengaluru South,KML File,SUCCESS,29 Bengaluru South.zip,E:\KSRSAC files\Village Boundaries\Bengaluru South\KML Files,https://kgis.ksrsac.in/kgisdocuments/PDF_KML_SHP/Village/KML/29_Bengaluru%20South.zip,Extracted 1 file(s)
2026-07-23T17:04:23,Bengaluru_Rural,PDF File,SUCCESS,21 Bengaluru Rural.zip,E:\KSRSAC files\Village Boundaries\Bengaluru Rural\PDF Files,https://kgis.ksrsac.in/kgisdocuments/PDF_KML_SHP/Village/PDF/21_Bengaluru_Rural.zip,Extracted 1 file(s)
2026-07-23T17:04:42,Bengaluru_Rural,Shape File,SUCCESS,21 Bengaluru Rural.zip,E:\KSRSAC files\Village Boundaries\Bengaluru Rural\Shape Files,https://kgis.ksrsac.in/kgisdocuments/PDF_KML_SHP/Village/Shapefiles/21_Bengaluru_Rural.zip,Extracted 7 file(s)
2026-07-23T17:04:47,Bengaluru_Rural,KML File,SUCCESS,21 Bengaluru Rural.zip,E:\KSRSAC files\Village Boundaries\Bengaluru Rural\KML Files,https://kgis.ksrsac.in/kgisdocuments/PDF_KML_SHP/Village/KML/21_Bengaluru_Rural.zip,Extracted 1 file(s)
2026-07-23T17:04:52,Bengaluru_Urban,PDF File,SUCCESS,20 Bengaluru Urban.zip,E:\KSRSAC files\Village Boundaries\Bengaluru Urban\PDF Files,https://kgis.ksrsac.in/kgisdocuments/PDF_KML_SHP/Village/PDF/20_Bengaluru_Urban.zip,Extracted 1 file(s)
2026-07-23T17:04:57,Bengaluru_Urban,Shape File,SUCCESS,20 Bengaluru Urban.zip,E:\KSRSAC files\Village Boundaries\Bengaluru Urban\Shape Files,https://kgis.ksrsac.in/kgisdocuments/PDF_KML_SHP/Village/Shapefiles/20_Bengaluru_Urban.zip,Extracted 7 file(s)
2026-07-23T17:05:02,Bengaluru_Urban,KML File,SUCCESS,20 Bengaluru Urban.zip,E:\KSRSAC files\Village Boundaries\Bengaluru Urban\KML Files,https://kgis.ksrsac.in/kgisdocuments/PDF_KML_SHP/Village/KML/20_Bengaluru_Urban.zip,Extracted 1 file(s)
2026-07-23T17:05:21,Bidar,PDF File,SUCCESS,05 Bidar.zip,E:\KSRSAC files\Village Boundaries\Bidar\PDF Files,https://kgis.ksrsac.in/kgisdocuments/PDF_KML_SHP/Village/PDF/05_Bidar.zip,Extracted 1 file(s)
2026-07-23T17:05:26,Bidar,Shape File,SUCCESS,05 Bidar.zip,E:\KSRSAC files\Village Boundaries\Bidar\Shape Files,https://kgis.ksrsac.in/kgisdocuments/PDF_KML_SHP/Village/Shapefiles/05_Bidar.zip,Extracted 7 file(s)
2026-07-23T17:05:32,Bidar,KML File,SUCCESS,05 Bidar.zip,E:\KSRSAC files\Village Boundaries\Bidar\KML Files,https://kgis.ksrsac.in/kgisdocuments/PDF_KML_SHP/Village/KML/05_Bidar.zip,Extracted 1 file(s)
2026-07-23T17:05:36,Chamarajanagara,PDF File,SUCCESS,27 Chamarajanagara.zip,E:\KSRSAC files\Village Boundaries\Chamarajanagara\PDF Files,https://kgis.ksrsac.in/kgisdocuments/PDF_KML_SHP/Village/PDF/27_Chamarajanagara.zip,Extracted 1 file(s)
2026-07-23T17:05:41,Chamarajanagara,Shape File,SUCCESS,27 Chamarajanagara.zip,E:\KSRSAC files\Village Boundaries\Chamarajanagara\Shape Files,https://kgis.ksrsac.in/kgisdocuments/PDF_KML_SHP/Village/Shapefiles/27_Chamarajanagara.zip,Extracted 7 file(s)
2026-07-23T17:06:00,Chamarajanagara,KML File,SUCCESS,27 Chamarajanagara.zip,E:\KSRSAC files\Village Boundaries\Chamarajanagara\KML Files,https://kgis.ksrsac.in/kgisdocuments/PDF_KML_SHP/Village/KML/27_Chamarajanagara.zip,Extracted 1 file(s)
2026-07-23T17:06:05,Chikkaballapura,PDF File,SUCCESS,28 Chikkaballapura.zip,E:\KSRSAC files\Village Boundaries\Chikkaballapura\PDF Files,https://kgis.ksrsac.in/kgisdocuments/PDF_KML_SHP/Village/PDF/28_Chikkaballapura.zip,Extracted 1 file(s)
2026-07-23T17:06:10,Chikkaballapura,Shape File,SUCCESS,28 Chikkaballapura.zip,E:\KSRSAC files\Village Boundaries\Chikkaballapura\Shape Files,https://kgis.ksrsac.in/kgisdocuments/PDF_KML_SHP/Village/Shapefiles/28_Chikkaballapura.zip,Extracted 7 file(s)
2026-07-23T17:06:16,Chikkaballapura,KML File,SUCCESS,28 Chikkaballapura.zip,E:\KSRSAC files\Village Boundaries\Chikkaballapura\KML Files,https://kgis.ksrsac.in/kgisdocuments/PDF_KML_SHP/Village/KML/28_Chikkaballapura.zip,Extracted 1 file(s)
2026-07-23T17:06:20,Chikkamagaluru,PDF File,SUCCESS,17 Chikkamagaluru.zip,E:\KSRSAC files\Village Boundaries\Chikkamagaluru\PDF Files,https://kgis.ksrsac.in/kgisdocuments/PDF_KML_SHP/Village/PDF/17_Chikkamagaluru.zip,Extracted 1 file(s)
2026-07-23T17:06:40,Chikkamagaluru,Shape File,SUCCESS,17 Chikkamagaluru.zip,E:\KSRSAC files\Village Boundaries\Chikkamagaluru\Shape Files,https://kgis.ksrsac.in/kgisdocuments/PDF_KML_SHP/Village/Shapefiles/17_Chikkamagaluru.zip,Extracted 7 file(s)
2026-07-23T17:06:45,Chikkamagaluru,KML File,SUCCESS,17 Chikkamagaluru.zip,E:\KSRSAC files\Village Boundaries\Chikkamagaluru\KML Files,https://kgis.ksrsac.in/kgisdocuments/PDF_KML_SHP/Village/KML/17_Chikkamagaluru.zip,Extracted 1 file(s)
2026-07-23T17:06:49,Chitradurga,PDF File,SUCCESS,13 Chitradurga.zip,E:\KSRSAC files\Village Boundaries\Chitradurga\PDF Files,https://kgis.ksrsac.in/kgisdocuments/PDF_KML_SHP/Village/PDF/13_Chitradurga.zip,Extracted 1 file(s)
2026-07-23T17:06:55,Chitradurga,Shape File,SUCCESS,13 Chitradurga.zip,E:\KSRSAC files\Village Boundaries\Chitradurga\Shape Files,https://kgis.ksrsac.in/kgisdocuments/PDF_KML_SHP/Village/Shapefiles/13_Chitradurga.zip,Extracted 7 file(s)
2026-07-23T17:07:00,Chitradurga,KML File,SUCCESS,13 Chitradurga.zip,E:\KSRSAC files\Village Boundaries\Chitradurga\KML Files,https://kgis.ksrsac.in/kgisdocuments/PDF_KML_SHP/Village/KML/13_Chitradurga.zip,Extracted 1 file(s)
2026-07-23T17:07:05,Dakshina Kannada,PDF File,SUCCESS,24 Dakshina Kannada.zip,E:\KSRSAC files\Village Boundaries\Dakshina Kannada\PDF Files,https://kgis.ksrsac.in/kgisdocuments/PDF_KML_SHP/Village/PDF/24_Dakshina%20Kannada.zip,Extracted 1 file(s)
2026-07-23T17:07:10,Dakshina Kannada,Shape File,SUCCESS,24 Dakshina Kannada.zip,E:\KSRSAC files\Village Boundaries\Dakshina Kannada\Shape Files,https://kgis.ksrsac.in/kgisdocuments/PDF_KML_SHP/Village/Shapefiles/24_Dakshina%20Kannada.zip,Extracted 4 file(s)
2026-07-23T17:07:15,Dakshina Kannada,KML File,SUCCESS,24 Dakshina Kannada.zip,E:\KSRSAC files\Village Boundaries\Dakshina Kannada\KML Files,https://kgis.ksrsac.in/kgisdocuments/PDF_KML_SHP/Village/KML/24_Dakshina%20Kannada.zip,Extracted 1 file(s)
2026-07-23T17:07:19,Davanagere,PDF File,SUCCESS,14 Davanagere.zip,E:\KSRSAC files\Village Boundaries\Davanagere\PDF Files,https://kgis.ksrsac.in/kgisdocuments/PDF_KML_SHP/Village/PDF/14_Davanagere.zip,Extracted 1 file(s)
2026-07-23T17:07:24,Davanagere,Shape File,SUCCESS,14 Davanagere.zip,E:\KSRSAC files\Village Boundaries\Davanagere\Shape Files,https://kgis.ksrsac.in/kgisdocuments/PDF_KML_SHP/Village/Shapefiles/14_Davanagere.zip,Extracted 7 file(s)
2026-07-23T17:07:29,Davanagere,KML File,SUCCESS,14 Davanagere.zip,E:\KSRSAC files\Village Boundaries\Davanagere\KML Files,https://kgis.ksrsac.in/kgisdocuments/PDF_KML_SHP/Village/KML/14_Davanagere.zip,Extracted 1 file(s)
2026-07-23T17:07:34,Dharwad,PDF File,SUCCESS,09 Dharwad.zip,E:\KSRSAC files\Village Boundaries\Dharwad\PDF Files,https://kgis.ksrsac.in/kgisdocuments/PDF_KML_SHP/Village/PDF/09_Dharwad.zip,Extracted 1 file(s)
2026-07-23T17:07:40,Dharwad,Shape File,SUCCESS,09 Dharwad.zip,E:\KSRSAC files\Village Boundaries\Dharwad\Shape Files,https://kgis.ksrsac.in/kgisdocuments/PDF_KML_SHP/Village/Shapefiles/09_Dharwad.zip,Extracted 7 file(s)
2026-07-23T17:07:45,Dharwad,KML File,SUCCESS,09 Dharwad.zip,E:\KSRSAC files\Village Boundaries\Dharwad\KML Files,https://kgis.ksrsac.in/kgisdocuments/PDF_KML_SHP/Village/KML/09_Dharwad.zip,Extracted 1 file(s)
2026-07-23T17:07:50,Gadag,PDF File,SUCCESS,08 Gadag.zip,E:\KSRSAC files\Village Boundaries\Gadag\PDF Files,https://kgis.ksrsac.in/kgisdocuments/PDF_KML_SHP/Village/PDF/08_Gadag.zip,Extracted 1 file(s)
2026-07-23T17:07:55,Gadag,Shape File,SUCCESS,08 Gadag.zip,E:\KSRSAC files\Village Boundaries\Gadag\Shape Files,https://kgis.ksrsac.in/kgisdocuments/PDF_KML_SHP/Village/Shapefiles/08_Gadag.zip,Extracted 7 file(s)
2026-07-23T17:08:00,Gadag,KML File,SUCCESS,08 Gadag.zip,E:\KSRSAC files\Village Boundaries\Gadag\KML Files,https://kgis.ksrsac.in/kgisdocuments/PDF_KML_SHP/Village/KML/08_Gadag.zip,Extracted 1 file(s)
2026-07-23T17:08:05,Hassan,PDF File,SUCCESS,23 Hassan.zip,E:\KSRSAC files\Village Boundaries\Hassan\PDF Files,https://kgis.ksrsac.in/kgisdocuments/PDF_KML_SHP/Village/PDF/23_Hassan.zip,Extracted 1 file(s)
2026-07-23T17:08:10,Hassan,Shape File,SUCCESS,23 Hassan.zip,E:\KSRSAC files\Village Boundaries\Hassan\Shape Files,https://kgis.ksrsac.in/kgisdocuments/PDF_KML_SHP/Village/Shapefiles/23_Hassan.zip,Extracted 7 file(s)
2026-07-23T17:08:16,Hassan,KML File,SUCCESS,23 Hassan.zip,E:\KSRSAC files\Village Boundaries\Hassan\KML Files,https://kgis.ksrsac.in/kgisdocuments/PDF_KML_SHP/Village/KML/23_Hassan.zip,Extracted 1 file(s)
2026-07-23T17:08:21,Haveri,PDF File,SUCCESS,11 Haveri.zip,E:\KSRSAC files\Village Boundaries\Haveri\PDF Files,https://kgis.ksrsac.in/kgisdocuments/PDF_KML_SHP/Village/PDF/11_Haveri.zip,Extracted 1 file(s)
2026-07-23T17:08:27,Haveri,Shape File,SUCCESS,11 Haveri.zip,E:\KSRSAC files\Village Boundaries\Haveri\Shape Files,https://kgis.ksrsac.in/kgisdocuments/PDF_KML_SHP/Village/Shapefiles/11_Haveri.zip,Extracted 7 file(s)
2026-07-23T17:08:31,Haveri,KML File,SUCCESS,11 Haveri.zip,E:\KSRSAC files\Village Boundaries\Haveri\KML Files,https://kgis.ksrsac.in/kgisdocuments/PDF_KML_SHP/Village/KML/11_Haveri.zip,Extracted 1 file(s)
2026-07-23T17:08:36,Kalaburgi,PDF File,SUCCESS,04 Kalaburgi.zip,E:\KSRSAC files\Village Boundaries\Kalaburgi\PDF Files,https://kgis.ksrsac.in/kgisdocuments/PDF_KML_SHP/Village/PDF/04_Kalaburgi.zip,Extracted 1 file(s)
2026-07-23T17:08:41,Kalaburgi,Shape File,SUCCESS,04 Kalaburgi.zip,E:\KSRSAC files\Village Boundaries\Kalaburgi\Shape Files,https://kgis.ksrsac.in/kgisdocuments/PDF_KML_SHP/Village/Shapefiles/04_Kalaburgi.zip,Extracted 7 file(s)
2026-07-23T17:08:46,Kalaburgi,KML File,SUCCESS,04 Kalaburgi.zip,E:\KSRSAC files\Village Boundaries\Kalaburgi\KML Files,https://kgis.ksrsac.in/kgisdocuments/PDF_KML_SHP/Village/KML/04_Kalaburgi.zip,Extracted 1 file(s)
2026-07-23T17:08:51,Kodagu,PDF File,SUCCESS,25 Kodagu.zip,E:\KSRSAC files\Village Boundaries\Kodagu\PDF Files,https://kgis.ksrsac.in/kgisdocuments/PDF_KML_SHP/Village/PDF/25_Kodagu.zip,Extracted 1 file(s)
2026-07-23T17:08:56,Kodagu,Shape File,SUCCESS,25 Kodagu.zip,E:\KSRSAC files\Village Boundaries\Kodagu\Shape Files,https://kgis.ksrsac.in/kgisdocuments/PDF_KML_SHP/Village/Shapefiles/25_Kodagu.zip,Extracted 7 file(s)
2026-07-23T17:09:01,Kodagu,KML File,SUCCESS,25 Kodagu.zip,E:\KSRSAC files\Village Boundaries\Kodagu\KML Files,https://kgis.ksrsac.in/kgisdocuments/PDF_KML_SHP/Village/KML/25_Kodagu.zip,Extracted 1 file(s)
2026-07-23T17:09:06,Kolara,PDF File,SUCCESS,19 Kolara.zip,E:\KSRSAC files\Village Boundaries\Kolara\PDF Files,https://kgis.ksrsac.in/kgisdocuments/PDF_KML_SHP/Village/PDF/19_Kolara.zip,Extracted 1 file(s)
2026-07-23T17:09:11,Kolara,Shape File,SUCCESS,19 Kolara.zip,E:\KSRSAC files\Village Boundaries\Kolara\Shape Files,https://kgis.ksrsac.in/kgisdocuments/PDF_KML_SHP/Village/Shapefiles/19_Kolara.zip,Extracted 7 file(s)
2026-07-23T17:09:16,Kolara,KML File,SUCCESS,19 Kolara.zip,E:\KSRSAC files\Village Boundaries\Kolara\KML Files,https://kgis.ksrsac.in/kgisdocuments/PDF_KML_SHP/Village/KML/19_Kolara.zip,Extracted 1 file(s)
2026-07-23T17:09:21,Koppal,PDF File,SUCCESS,07 Koppal.zip,E:\KSRSAC files\Village Boundaries\Koppal\PDF Files,https://kgis.ksrsac.in/kgisdocuments/PDF_KML_SHP/Village/PDF/07_Koppal.zip,Extracted 1 file(s)
2026-07-23T17:09:26,Koppal,Shape File,SUCCESS,07 Koppal.zip,E:\KSRSAC files\Village Boundaries\Koppal\Shape Files,https://kgis.ksrsac.in/kgisdocuments/PDF_KML_SHP/Village/Shapefiles/07_Koppal.zip,Extracted 7 file(s)
2026-07-23T17:09:31,Koppal,KML File,SUCCESS,07 Koppal.zip,E:\KSRSAC files\Village Boundaries\Koppal\KML Files,https://kgis.ksrsac.in/kgisdocuments/PDF_KML_SHP/Village/KML/07_Koppal.zip,Extracted 1 file(s)
2026-07-23T17:09:36,Mandya,PDF File,SUCCESS,22 Mandya.zip,E:\KSRSAC files\Village Boundaries\Mandya\PDF Files,https://kgis.ksrsac.in/kgisdocuments/PDF_KML_SHP/Village/PDF/22_Mandya.zip,Extracted 1 file(s)
2026-07-23T17:09:41,Mandya,Shape File,SUCCESS,22 Mandya.zip,E:\KSRSAC files\Village Boundaries\Mandya\Shape Files,https://kgis.ksrsac.in/kgisdocuments/PDF_KML_SHP/Village/Shapefiles/22_Mandya.zip,Extracted 7 file(s)
2026-07-23T17:10:01,Mandya,KML File,SUCCESS,22 Mandya.zip,E:\KSRSAC files\Village Boundaries\Mandya\KML Files,https://kgis.ksrsac.in/kgisdocuments/PDF_KML_SHP/Village/KML/22_Mandya.zip,Extracted 1 file(s)
2026-07-23T17:10:05,Mysuru,PDF File,SUCCESS,26 Mysuru.zip,E:\KSRSAC files\Village Boundaries\Mysuru\PDF Files,https://kgis.ksrsac.in/kgisdocuments/PDF_KML_SHP/Village/PDF/26_Mysuru.zip,Extracted 1 file(s)
2026-07-23T17:10:11,Mysuru,Shape File,SUCCESS,26 Mysuru.zip,E:\KSRSAC files\Village Boundaries\Mysuru\Shape Files,https://kgis.ksrsac.in/kgisdocuments/PDF_KML_SHP/Village/Shapefiles/26_Mysuru.zip,Extracted 7 file(s)
2026-07-23T17:10:16,Mysuru,KML File,SUCCESS,26 Mysuru.zip,E:\KSRSAC files\Village Boundaries\Mysuru\KML Files,https://kgis.ksrsac.in/kgisdocuments/PDF_KML_SHP/Village/KML/26_Mysuru.zip,Extracted 1 file(s)
2026-07-23T17:10:21,Raichur,PDF File,SUCCESS,06 Raichur.zip,E:\KSRSAC files\Village Boundaries\Raichur\PDF Files,https://kgis.ksrsac.in/kgisdocuments/PDF_KML_SHP/Village/PDF/06_Raichur.zip,Extracted 1 file(s)
2026-07-23T17:10:27,Raichur,Shape File,SUCCESS,06 Raichur.zip,E:\KSRSAC files\Village Boundaries\Raichur\Shape Files,https://kgis.ksrsac.in/kgisdocuments/PDF_KML_SHP/Village/Shapefiles/06_Raichur.zip,Extracted 7 file(s)
2026-07-23T17:10:32,Raichur,KML File,SUCCESS,06 Raichur.zip,E:\KSRSAC files\Village Boundaries\Raichur\KML Files,https://kgis.ksrsac.in/kgisdocuments/PDF_KML_SHP/Village/KML/06_Raichur.zip,Extracted 1 file(s)
2026-07-23T17:10:37,Shivamogga,PDF File,SUCCESS,15 Shivamogga.zip,E:\KSRSAC files\Village Boundaries\Shivamogga\PDF Files,https://kgis.ksrsac.in/kgisdocuments/PDF_KML_SHP/Village/PDF/15_Shivamogga.zip,Extracted 1 file(s)
2026-07-23T17:10:42,Shivamogga,Shape File,SUCCESS,15 Shivamogga.zip,E:\KSRSAC files\Village Boundaries\Shivamogga\Shape Files,https://kgis.ksrsac.in/kgisdocuments/PDF_KML_SHP/Village/Shapefiles/15_Shivamogga.zip,Extracted 7 file(s)
2026-07-23T17:10:47,Shivamogga,KML File,SUCCESS,15 Shivamogga.zip,E:\KSRSAC files\Village Boundaries\Shivamogga\KML Files,https://kgis.ksrsac.in/kgisdocuments/PDF_KML_SHP/Village/KML/15_Shivamogga.zip,Extracted 1 file(s)
2026-07-23T17:10:52,Tumakuru,PDF File,SUCCESS,18 Tumakuru.zip,E:\KSRSAC files\Village Boundaries\Tumakuru\PDF Files,https://kgis.ksrsac.in/kgisdocuments/PDF_KML_SHP/Village/PDF/18_Tumakuru.zip,Extracted 1 file(s)
2026-07-23T17:10:57,Tumakuru,Shape File,SUCCESS,18 Tumakuru.zip,E:\KSRSAC files\Village Boundaries\Tumakuru\Shape Files,https://kgis.ksrsac.in/kgisdocuments/PDF_KML_SHP/Village/Shapefiles/18_Tumakuru.zip,Extracted 7 file(s)
2026-07-23T17:11:02,Tumakuru,KML File,SUCCESS,18 Tumakuru.zip,E:\KSRSAC files\Village Boundaries\Tumakuru\KML Files,https://kgis.ksrsac.in/kgisdocuments/PDF_KML_SHP/Village/KML/18_Tumakuru.zip,Extracted 1 file(s)
2026-07-23T17:11:07,Udupi,PDF File,SUCCESS,16 Udupi.zip,E:\KSRSAC files\Village Boundaries\Udupi\PDF Files,https://kgis.ksrsac.in/kgisdocuments/PDF_KML_SHP/Village/PDF/16_Udupi.zip,Extracted 1 file(s)
2026-07-23T17:11:12,Udupi,Shape File,SUCCESS,16 Udupi.zip,E:\KSRSAC files\Village Boundaries\Udupi\Shape Files,https://kgis.ksrsac.in/kgisdocuments/PDF_KML_SHP/Village/Shapefiles/16_Udupi.zip,Extracted 7 file(s)
2026-07-23T17:11:17,Udupi,KML File,SUCCESS,16 Udupi.zip,E:\KSRSAC files\Village Boundaries\Udupi\KML Files,https://kgis.ksrsac.in/kgisdocuments/PDF_KML_SHP/Village/KML/16_Udupi.zip,Extracted 1 file(s)
2026-07-23T17:11:21,Uttara Kannada,PDF File,SUCCESS,10 Uttara Kannada.zip,E:\KSRSAC files\Village Boundaries\Uttara Kannada\PDF Files,https://kgis.ksrsac.in/kgisdocuments/PDF_KML_SHP/Village/PDF/10_Uttara%20Kannada.zip,Extracted 1 file(s)
2026-07-23T17:11:26,Uttara Kannada,Shape File,SUCCESS,10 Uttara Kannada.zip,E:\KSRSAC files\Village Boundaries\Uttara Kannada\Shape Files,https://kgis.ksrsac.in/kgisdocuments/PDF_KML_SHP/Village/Shapefiles/10_Uttara%20Kannada.zip,Extracted 4 file(s)
2026-07-23T17:11:31,Uttara Kannada,KML File,SUCCESS,10 Uttara Kannada.zip,E:\KSRSAC files\Village Boundaries\Uttara Kannada\KML Files,https://kgis.ksrsac.in/kgisdocuments/PDF_KML_SHP/Village/KML/10_Uttara%20Kannada.zip,Extracted 1 file(s)
2026-07-23T17:11:36,Vijayanagara,PDF File,SUCCESS,31 Vijayanagara.zip,E:\KSRSAC files\Village Boundaries\Vijayanagara\PDF Files,https://kgis.ksrsac.in/kgisdocuments/PDF_KML_SHP/Village/PDF/31_Vijayanagara.zip,Extracted 1 file(s)
2026-07-23T17:11:41,Vijayanagara,Shape File,SUCCESS,31 Vijayanagara.zip,E:\KSRSAC files\Village Boundaries\Vijayanagara\Shape Files,https://kgis.ksrsac.in/kgisdocuments/PDF_KML_SHP/Village/Shapefiles/31_Vijayanagara.zip,Extracted 7 file(s)
2026-07-23T17:11:46,Vijayanagara,KML File,SUCCESS,31 Vijayanagara.zip,E:\KSRSAC files\Village Boundaries\Vijayanagara\KML Files,https://kgis.ksrsac.in/kgisdocuments/PDF_KML_SHP/Village/KML/31_Vijayanagara.zip,Extracted 1 file(s)
2026-07-23T17:11:51,Vijayapura,PDF File,SUCCESS,03 Vijayapura.zip,E:\KSRSAC files\Village Boundaries\Vijayapura\PDF Files,https://kgis.ksrsac.in/kgisdocuments/PDF_KML_SHP/Village/PDF/03_Vijayapura.zip,Extracted 1 file(s)
2026-07-23T17:11:56,Vijayapura,Shape File,SUCCESS,03 Vijayapura.zip,E:\KSRSAC files\Village Boundaries\Vijayapura\Shape Files,https://kgis.ksrsac.in/kgisdocuments/PDF_KML_SHP/Village/Shapefiles/03_Vijayapura.zip,Extracted 7 file(s)
2026-07-23T17:12:01,Vijayapura,KML File,SUCCESS,03 Vijayapura.zip,E:\KSRSAC files\Village Boundaries\Vijayapura\KML Files,https://kgis.ksrsac.in/kgisdocuments/PDF_KML_SHP/Village/KML/03_Vijayapura.zip,Extracted 1 file(s)
2026-07-23T17:12:05,Yadgir,PDF File,SUCCESS,30 Yadgir.zip,E:\KSRSAC files\Village Boundaries\Yadgir\PDF Files,https://kgis.ksrsac.in/kgisdocuments/PDF_KML_SHP/Village/PDF/30_Yadgir.zip,Extracted 1 file(s)
2026-07-23T17:12:10,Yadgir,Shape File,SUCCESS,30 Yadgir.zip,E:\KSRSAC files\Village Boundaries\Yadgir\Shape Files,https://kgis.ksrsac.in/kgisdocuments/PDF_KML_SHP/Village/Shapefiles/30_Yadgir.zip,Extracted 7 file(s)
2026-07-23T17:12:15,Yadgir,KML File,SUCCESS,30 Yadgir.zip,E:\KSRSAC files\Village Boundaries\Yadgir\KML Files,https://kgis.ksrsac.in/kgisdocuments/PDF_KML_SHP/Village/KML/30_Yadgir.zip,Extracted 1 file(s)
